,Date / Time,TURBIDITY;FTU,DISSOLVED OXYGEN;SAT%,PRESSURE;DBAR,TEMPERATURE;C,ALTITUDE;M,CONDUCTIVITY;MS/CM,PH;PH,PAR;GQ/M2,REDOX;MV,FLUOROMETER (C);UG/L,Calc. SALINITY; PSU,Calc. DENSITY ANOMALY; KG/M3 [EOS-80],Calc. SOS; M/SEC,Unnamed: 14
3.6100761765395526,29/07/2019 09:14:22,0.494,85.272,12.071,22.548,0.0,52.3,4.485,-259.375,889.233,-0.041,36.381,1025.164,1530.007,
4.759923420179567,29/07/2019 09:14:29,0.498,85.297,12.025,22.549,0.0,52.308,4.537,-259.375,887.6,-0.041,36.386,1025.168,1530.015,
6.187961014626099,29/07/2019 09:14:36,0.549,85.099,12.073,22.548,0.0,52.306,4.584,-259.375,889.067,-0.041,36.386,1025.168,1530.012,
7.843108030894861,29/07/2019 09:14:44,0.49,84.919,12.008,22.546,0.0,52.31,4.546,-259.375,886.4,-0.041,36.39,1025.172,1530.011,
9.662658268794422,29/07/2019 09:14:51,0.494,85.018,12.098,22.541,0.0,52.304,4.547,-259.375,883.767,-0.041,36.39,1025.173,1529.999,
11.586785297240345,29/07/2019 09:14:58,0.564,85.159,12.037,22.546,0.0,52.308,4.535,-259.375,882.033,-0.041,36.389,1025.17,1530.01,
13.566653230775005,29/07/2019 09:15:04,0.487,85.188,12.007,22.546,0.0,52.308,4.497,-259.375,881.133,-0.041,36.389,1025.17,1530.009,
15.568283556334494,29/07/2019 09:15:10,0.501,84.993,12.04,22.542,0.0,52.304,4.438,-259.375,877.667,-0.041,36.389,1025.172,1530.0,
17.57398638678156,29/07/2019 09:15:28,0.473,84.866,12.002,22.544,0.0,52.308,4.591,-259.375,877.2,-0.041,36.391,1025.172,1530.006,
19.58022887205302,29/07/2019 09:15:30,0.476,84.834,13.044,22.548,0.0,52.308,4.607,-259.375,876.567,-0.041,36.387,1025.173,1530.03,
21.59025415749796,29/07/2019 09:15:35,0.539,84.933,12.075,22.546,0.0,52.31,4.654,-259.375,875.933,-0.041,36.39,1025.172,1530.012,
23.60654890724255,29/07/2019 09:15:37,0.502,85.018,13.063,22.547,0.0,52.31,4.654,-259.375,875.9,-0.041,36.389,1025.175,1530.03,
25.62799907381507,29/07/2019 09:15:42,0.476,85.106,12.022,22.549,0.0,52.308,4.731,-259.375,874.6,-0.041,36.386,1025.168,1530.015,
27.64928311276941,29/07/2019 09:15:43,0.481,85.043,13.007,22.547,0.0,52.31,4.73,-259.375,873.7,-0.041,36.389,1025.175,1530.029,
29.66014753687139,29/07/2019 09:15:48,0.481,84.937,12.004,22.547,0.0,52.31,4.744,-259.375,872.833,-0.041,36.39,1025.171,1530.013,
31.64478395376423,29/07/2019 09:15:49,0.488,85.011,13.075,22.544,0.0,52.31,4.745,-259.375,871.7,-0.041,36.392,1025.178,1530.025,
33.58171493111746,29/07/2019 09:15:55,0.503,85.156,12.049,22.55,0.0,52.312,4.784,-259.375,870.333,-0.041,36.389,1025.169,1530.02,
35.44480039955208,29/07/2019 09:15:56,0.474,85.244,13.019,22.544,0.0,52.312,4.788,-259.375,869.9,-0.041,36.393,1025.179,1530.026,
37.20617327793644,29/07/2019 09:16:02,0.496,85.276,12.022,22.547,0.0,52.31,4.77,-259.375,870.8,-0.041,36.39,1025.171,1530.013,
38.84205558711127,29/07/2019 09:16:03,0.483,85.248,13.032,22.547,0.0,52.31,4.77,-259.375,869.733,-0.041,36.389,1025.175,1530.029,
40.340007618337026,29/07/2019 09:16:09,0.469,84.852,13.036,22.546,0.0,52.308,4.809,-259.375,867.567,-0.041,36.388,1025.174,1530.026,
41.70356768001626,29/07/2019 09:16:13,0.466,84.005,14.017,22.545,0.0,52.308,4.859,-259.375,867.233,-0.041,36.389,1025.179,1530.041,
42.95226284769687,29/07/2019 09:16:16,0.468,84.231,15.071,22.548,0.0,52.312,4.9,-259.375,867.467,-0.041,36.389,1025.183,1530.066,
44.11685408673581,29/07/2019 09:16:17,0.463,84.506,16.002,22.548,0.0,52.312,4.936,-259.375,867.167,-0.041,36.389,1025.187,1530.081,
45.2315642808704,29/07/2019 09:16:21,0.469,84.707,17.052,22.547,0.0,52.316,4.994,-259.375,865.833,-0.041,36.392,1025.195,1530.1,
46.32707248503594,29/07/2019 09:16:22,0.46,84.778,18.093,22.551,0.0,52.314,5.01,-259.375,865.5,-0.041,36.387,1025.194,1530.122,
47.425499714974755,29/07/2019 09:16:23,0.478,84.863,19.045,22.546,0.0,52.318,5.019,-259.375,864.867,-0.041,36.394,1025.205,1530.133,
48.53630007305582,29/07/2019 09:16:23,0.469,84.962,20.105,22.548,0.0,52.318,5.033,-259.375,864.167,-0.041,36.392,1025.207,1530.154,
49.654693277646345,29/07/2019 09:16:27,0.469,85.244,20.037,22.548,0.0,52.318,5.049,-259.375,861.3,-0.041,36.392,1025.207,1530.152,
50.767123813282254,29/07/2019 09:16:28,0.466,85.233,21.08,22.548,0.0,52.318,5.049,-259.375,860.633,-0.041,36.392,1025.211,1530.169,
51.86141601248545,29/07/2019 09:16:29,0.459,85.195,22.162,22.548,0.0,52.318,5.05,-259.375,859.867,-0.041,36.391,1025.216,1530.187,
52.93231292126869,29/07/2019 09:16:29,0.474,85.23,23.148,22.549,0.0,52.318,5.055,-259.375,859.533,-0.041,36.39,1025.219,1530.205,
53.98035185967392,29/07/2019 09:16:30,0.517,85.219,24.267,22.549,0.0,52.32,5.065,-259.375,859.333,-0.041,36.391,1025.224,1530.225,
55.00912055480984,29/07/2019 09:16:30,0.459,85.297,25.076,22.55,0.0,52.322,5.064,-259.375,859.333,-0.041,36.392,1025.228,1530.241,
56.02333578223369,29/07/2019 09:16:34,0.524,85.265,26.088,22.552,0.0,52.322,5.12,-259.375,859.1,-0.041,36.39,1025.23,1530.261,
57.02764322695307,29/07/2019 09:16:35,0.586,85.188,27.048,22.55,0.0,52.322,5.114,-259.375,858.2,-0.041,36.391,1025.236,1530.274,
58.02597983990736,29/07/2019 09:16:36,0.467,85.142,28.215,22.551,0.0,52.324,5.111,-259.375,857.467,-0.041,36.391,1025.241,1530.296,
59.02133186294585,29/07/2019 09:16:36,0.459,85.163,29.119,22.55,0.0,52.322,5.118,-259.375,856.667,-0.041,36.39,1025.244,1530.307,
60.01574139362575,29/07/2019 09:16:37,0.451,85.142,30.106,22.551,0.0,52.324,5.137,-259.375,855.2,-0.041,36.391,1025.249,1530.327,
61.010446225426875,29/07/2019 09:16:40,0.459,85.046,31.048,22.554,0.0,52.33,5.142,-259.375,855.033,-0.041,36.393,1025.253,1530.352,
62.00607153221335,29/07/2019 09:16:41,0.462,84.944,32.03,22.552,0.0,52.342,5.132,-259.375,855.433,-0.041,36.403,1025.266,1530.375,
63.00282197714752,29/07/2019 09:16:42,0.456,84.951,33.09,22.553,0.0,52.362,5.134,-259.375,856.033,-0.041,36.418,1025.281,1530.412,
64.00064643830277,29/07/2019 09:16:43,0.465,85.007,34.166,22.559,0.0,52.368,5.125,-259.375,856.567,-0.041,36.417,1025.284,1530.444,
64.9993642843727,29/07/2019 09:16:43,0.469,85.011,35.076,22.561,0.0,52.378,5.125,-259.375,857.0,-0.041,36.423,1025.292,1530.471,
65.99875273718935,29/07/2019 09:16:46,0.471,84.947,36.032,22.562,0.0,52.368,5.074,-259.375,857.833,-0.041,36.414,1025.289,1530.48,
66.99860060131036,29/07/2019 09:16:47,0.523,84.831,37.073,22.559,0.0,52.388,5.041,-259.375,857.367,-0.041,36.432,1025.308,1530.509,
67.99873591433142,29/07/2019 09:16:48,0.462,84.707,38.029,22.551,0.0,52.432,5.023,-259.375,857.567,-0.041,36.472,1025.345,1530.549,
68.99903512775288,29/07/2019 09:16:49,0.463,84.58,39.099,22.541,0.0,52.452,5.03,-259.375,857.867,-0.041,36.496,1025.37,1530.567,
69.99942027161133,29/07/2019 09:16:51,0.487,84.478,40.016,22.534,0.0,52.476,5.029,-259.375,858.0,-0.041,36.52,1025.395,1530.591,
70.99984892108519,29/07/2019 09:16:52,0.453,84.291,41.063,22.528,0.0,52.488,5.013,-259.375,857.633,-0.041,36.535,1025.412,1530.609,
72.00030016471656,29/07/2019 09:16:53,0.458,84.185,42.021,22.525,0.0,52.506,5.006,-259.375,857.467,-0.041,36.551,1025.429,1530.635,
73.00075848049036,29/07/2019 09:16:54,0.455,84.096,43.089,22.52,0.0,52.526,5.004,-259.375,857.033,-0.041,36.57,1025.45,1530.662,
74.00119663687279,29/07/2019 09:16:55,0.461,84.121,44.069,22.518,0.0,52.538,4.996,-259.375,856.367,-0.041,36.581,1025.463,1530.685,
75.00155854691235,29/07/2019 09:16:56,0.463,84.157,45.089,22.514,0.0,52.546,5.002,-259.375,856.133,-0.041,36.59,1025.476,1530.702,
76.00174345588451,29/07/2019 09:16:57,0.458,84.167,46.024,22.511,0.0,52.556,5.006,-259.375,855.8,-0.041,36.6,1025.488,1530.721,
77.00159392980602,29/07/2019 09:17:00,0.457,84.065,47.031,22.508,0.0,52.546,5.016,-259.375,855.833,-0.041,36.595,1025.489,1530.723,
78.0008917610859,29/07/2019 09:17:02,0.472,83.902,48.095,22.508,0.0,52.556,5.039,-259.375,855.7,-0.041,36.602,1025.499,1530.749,
78.99936794028542,29/07/2019 09:17:03,0.529,83.779,49.127,22.506,0.0,52.574,5.038,-259.375,855.5,-0.041,36.618,1025.516,1530.778,
79.99673491498496,29/07/2019 09:17:03,0.46,83.796,50.069,22.504,0.0,52.58,5.035,-259.375,855.633,-0.041,36.624,1025.525,1530.796,
80.99275088582516,29/07/2019 09:17:04,0.448,83.849,51.085,22.5,0.0,52.598,5.028,-259.375,855.933,-0.041,36.641,1025.544,1530.821,
81.98732598712071,29/07/2019 09:17:05,0.446,83.923,52.088,22.498,0.0,52.598,5.031,-259.375,856.367,-0.041,36.642,1025.55,1530.834,
82.98067762793202,29/07/2019 09:17:07,0.462,83.863,53.057,22.499,0.0,52.608,5.026,-259.375,855.533,-0.041,36.649,1025.559,1530.86,
83.97353546379252,29/07/2019 09:17:08,0.436,83.683,54.024,22.479,0.0,52.644,5.022,-259.375,855.767,-0.041,36.693,1025.603,1530.874,
84.96738366519003,29/07/2019 09:17:09,0.452,83.588,55.154,22.464,0.0,52.658,5.042,-259.375,855.067,-0.041,36.717,1025.63,1530.88,
85.96470767966441,29/07/2019 09:17:10,0.441,83.553,56.065,22.453,0.0,52.646,5.041,-259.375,854.767,-0.041,36.716,1025.636,1530.866,
86.96918350659975,29/07/2019 09:17:11,0.462,83.457,57.039,22.427,0.0,52.606,5.031,-259.375,854.867,-0.041,36.706,1025.64,1530.805,
87.98571000669202,29/07/2019 09:17:14,0.454,83.104,58.058,22.396,0.0,52.606,5.031,-259.375,854.033,-0.041,36.732,1025.673,1530.77,
89.0201418910197,29/07/2019 09:17:15,0.454,82.751,59.06,22.269,0.0,52.406,5.037,-259.375,854.167,-0.041,36.682,1025.676,1530.403,
90.07853965619287,29/07/2019 09:17:16,0.471,82.511,60.118,22.176,0.0,52.318,5.038,-259.375,854.133,-0.041,36.69,1025.713,1530.19,
91.16572519052897,29/07/2019 09:17:17,0.462,82.335,61.04,22.116,0.0,52.284,5.05,-259.375,854.533,-0.041,36.714,1025.752,1530.075,
92.28293722722535,29/07/2019 09:17:17,0.457,82.13,62.16,22.065,0.0,52.224,5.043,-259.375,854.633,-0.041,36.709,1025.768,1529.956,
93.42444592960236,29/07/2019 09:17:18,0.453,81.879,63.086,22.014,0.0,52.14,5.032,-259.375,854.3,-0.041,36.686,1025.769,1529.813,
94.57555386829567,29/07/2019 09:17:21,0.464,81.42,63.089,22.027,0.0,52.202,5.037,-259.375,852.033,-0.041,36.724,1025.794,1529.889,
95.71706236063982,29/07/2019 09:17:22,0.452,81.258,64.121,22.018,0.0,52.174,5.028,-259.375,851.3,-0.041,36.709,1025.79,1529.866,
96.83427398911174,29/07/2019 09:17:23,0.449,81.145,65.141,21.948,0.0,51.886,5.034,-259.375,851.3,-0.041,36.54,1025.685,1529.513,
97.9214589485841,29/07/2019 09:17:23,0.438,81.042,66.23,21.839,0.0,51.84,5.033,-259.375,851.367,-0.041,36.595,1025.763,1529.308,
98.97985603864895,29/07/2019 09:17:24,0.436,80.841,67.071,21.717,0.0,51.57,5.034,-259.375,851.467,-0.041,36.483,1025.716,1528.878,
100.01428726974524,29/07/2019 09:17:24,0.431,80.53,68.004,21.576,0.0,51.266,5.045,-259.375,851.533,-0.041,36.36,1025.666,1528.385,
101.03081334000673,29/07/2019 09:17:25,0.438,79.796,69.042,21.312,0.0,51.412,5.064,-259.375,851.633,-0.041,36.701,1026.003,1528.081,
102.03528926273883,29/07/2019 09:17:29,0.433,78.882,70.064,21.175,0.0,51.222,5.08,-259.375,850.733,-0.041,36.666,1026.019,1527.694,
103.03261431231395,29/07/2019 09:17:30,0.428,77.882,71.152,20.539,0.0,49.926,5.077,-259.375,850.167,-0.041,36.16,1025.812,1525.436,
104.02646500157363,29/07/2019 09:17:31,0.441,77.074,72.141,20.101,0.0,49.626,5.087,-259.375,850.3,-0.041,36.29,1026.033,1524.399,
105.01932734148826,29/07/2019 09:17:32,0.442,76.438,73.072,19.872,0.0,49.458,5.096,-259.375,850.367,-0.041,36.349,1026.144,1523.849,
106.01268600916531,29/07/2019 09:17:33,0.487,75.838,74.008,19.707,0.0,49.274,5.129,-259.375,850.133,-0.041,36.339,1026.184,1523.397,
107.00727092652147,29/07/2019 09:17:35,0.44,74.373,75.07,19.569,0.0,49.124,5.241,-259.375,850.867,-0.041,36.334,1026.221,1523.024,
108.00329925270013,29/07/2019 09:17:36,0.446,73.539,76.028,19.399,0.0,48.896,5.273,-259.375,850.933,-0.041,36.292,1026.238,1522.518,
109.00067998214755,29/07/2019 09:17:37,0.476,73.112,77.014,19.242,0.0,48.744,5.264,-259.375,850.967,-0.041,36.302,1026.29,1522.104,
109.99916883128527,29/07/2019 09:17:38,0.466,73.013,78.092,19.06,0.0,48.606,5.259,-259.375,850.867,-0.041,36.345,1026.375,1521.657,
110.99847393668541,29/07/2019 09:17:40,0.458,72.784,79.027,18.959,0.0,48.466,5.267,-259.375,849.5,-0.041,36.315,1026.383,1521.353,
111.99831974571609,29/07/2019 09:17:41,0.523,72.071,80.018,18.846,0.0,48.264,5.285,-259.375,848.633,-0.041,36.244,1026.362,1520.968,
112.99847912108663,29/07/2019 09:17:42,0.457,71.788,81.115,18.799,0.0,48.224,5.295,-259.375,848.167,-0.041,36.251,1026.384,1520.86,
113.99878366461479,29/07/2019 09:17:43,0.497,71.813,82.048,18.762,0.0,48.192,5.294,-259.375,847.933,-0.041,36.256,1026.401,1520.776,
114.99912081872233,29/07/2019 09:17:44,0.501,71.876,83.066,18.74,0.0,48.158,5.258,-259.375,847.467,-0.041,36.246,1026.404,1520.719,
115.99942429431431,29/07/2019 09:17:46,0.504,71.841,84.005,18.718,0.0,48.146,5.223,-259.375,847.433,-0.041,36.255,1026.42,1520.682,
116.99966234935533,29/07/2019 09:17:48,0.521,71.453,85.018,18.713,0.0,48.098,5.192,-259.375,847.467,-0.041,36.218,1026.398,1520.643,
117.99982669995818,29/07/2019 09:17:48,0.505,71.146,86.042,18.705,0.0,48.09,5.172,-259.375,847.467,-0.041,36.218,1026.405,1520.637,
118.9999235016064,29/07/2019 09:17:49,0.509,71.1,87.08,18.694,0.0,48.07,5.166,-259.375,847.8,-0.041,36.211,1026.406,1520.614,
119.99996689376994,29/07/2019 09:17:50,0.528,71.107,88.043,18.669,0.0,48.024,5.144,-259.375,847.9,-0.041,36.193,1026.403,1520.539,
120.99997499502936,29/07/2019 09:17:51,0.568,71.223,89.027,18.589,0.0,47.942,5.12,-259.375,847.833,-0.041,36.194,1026.428,1520.327,
121.99996788075228,29/07/2019 09:17:54,0.626,71.269,90.009,18.553,0.0,47.816,5.054,-259.375,849.3,-0.041,36.118,1026.384,1520.154,
122.99996688372646,29/07/2019 09:17:55,0.602,70.577,91.072,18.44,0.0,47.722,4.998,-259.375,849.533,-0.041,36.137,1026.432,1519.869,
123.99999445720393,29/07/2019 09:17:56,0.598,70.422,92.16,18.401,0.0,47.666,4.978,-259.375,849.433,-0.041,36.123,1026.436,1519.759,
125.00007378048754,29/07/2019 09:17:57,0.613,70.369,93.156,18.377,0.0,47.634,4.966,-259.375,849.633,-0.041,36.117,1026.441,1519.699,
126.00022724895334,29/07/2019 09:17:58,0.618,70.415,94.014,18.351,0.0,47.63,4.961,-259.375,849.367,-0.041,36.136,1026.466,1519.66,
127.0004729839147,29/07/2019 09:17:59,0.613,70.605,95.076,18.322,0.0,47.584,4.928,-259.375,849.267,-0.041,36.122,1026.468,1519.578,
128.00081856613286,29/07/2019 09:18:01,0.638,70.496,96.055,18.276,0.0,47.594,4.873,-259.375,848.667,-0.041,36.171,1026.521,1519.517,
129.00125141509224,29/07/2019 09:18:02,0.622,69.761,97.059,18.251,0.0,47.546,4.843,-259.375,848.067,-0.041,36.151,1026.517,1519.439,
130.0017257072248,29/07/2019 09:18:04,0.623,69.564,98.083,18.231,0.0,47.52,4.832,-259.375,848.367,-0.041,36.146,1026.522,1519.393,
131.0021465703305,29/07/2019 09:18:05,0.628,69.659,99.081,18.2,0.0,47.502,4.794,-259.375,849.333,-0.041,36.158,1026.543,1519.333,
132.00235362567207,29/07/2019 09:18:06,0.607,69.571,100.045,18.165,0.0,47.418,4.777,-259.375,850.767,-0.041,36.117,1026.525,1519.201,
133.00210785292379,29/07/2019 09:18:07,0.603,69.454,101.116,18.121,0.0,47.32,4.758,-259.375,851.367,-0.041,36.071,1026.506,1519.039,
134.00108821477042,29/07/2019 09:18:08,0.6,69.43,102.096,18.066,0.0,47.252,4.737,-259.375,851.433,-0.041,36.061,1026.516,1518.884,
134.9989073219204,29/07/2019 09:18:08,0.593,69.433,103.121,18.022,0.0,47.214,4.715,-259.375,851.333,-0.041,36.067,1026.536,1518.78,
135.99515821448946,29/07/2019 09:18:10,0.607,69.652,104.002,17.993,0.0,47.184,4.68,-259.375,850.8,-0.041,36.067,1026.547,1518.71,
136.98950629412238,29/07/2019 09:18:13,0.591,69.25,105.122,17.928,0.0,47.094,4.639,-259.375,850.267,-0.041,36.046,1026.552,1518.516,
137.98184032536736,29/07/2019 09:18:14,0.609,69.147,106.001,17.918,0.0,47.07,4.617,-259.375,849.967,-0.041,36.034,1026.55,1518.487,
138.9724924960997,29/07/2019 09:18:14,0.621,69.179,107.026,17.904,0.0,47.078,4.592,-259.375,849.8,-0.041,36.053,1026.572,1518.485,
139.96252758346353,29/07/2019 09:18:15,0.61,69.221,108.047,17.892,0.0,47.064,4.562,-259.375,849.467,-0.041,36.051,1026.578,1518.465,
140.9540828429066,29/07/2019 09:18:16,0.606,69.408,109.034,17.866,0.0,47.036,4.521,-259.375,849.6,-0.041,36.05,1026.588,1518.404,
141.95071101425282,29/07/2019 09:18:18,0.615,69.338,110.012,17.839,0.0,47.02,4.473,-259.375,849.633,-0.041,36.059,1026.606,1518.352,
142.95763742808415,29/07/2019 09:18:20,0.606,69.105,111.028,17.776,0.0,46.958,4.37,-259.375,848.767,-0.041,36.061,1026.628,1518.187,
143.9817892761209,29/07/2019 09:18:21,0.603,68.9,112.018,17.74,0.0,46.916,4.319,-259.375,848.3,-0.041,36.057,1026.637,1518.092,
145.03139501294368,29/07/2019 09:18:23,0.624,69.101,113.005,17.716,0.0,46.892,4.278,-259.375,847.9,-0.041,36.057,1026.648,1518.039,
146.11489452629667,29/07/2019 09:18:26,0.596,68.843,114.027,17.65,0.0,46.788,4.129,-259.375,849.067,-0.041,36.025,1026.644,1517.826,
147.238863828628,29/07/2019 09:18:27,0.595,68.501,115.027,17.611,0.0,46.704,4.083,-259.375,848.933,-0.041,35.987,1026.629,1517.684,
148.4046688685926,29/07/2019 09:18:29,0.589,68.656,116.021,17.555,0.0,46.658,4.04,-259.375,848.7,-0.041,35.996,1026.654,1517.546,
149.60606918150518,29/07/2019 09:18:32,0.596,68.836,116.004,17.524,0.0,46.602,3.91,-259.375,849.867,-0.041,35.975,1026.646,1517.43,
150.83258442284398,29/07/2019 09:18:33,0.569,68.589,117.081,17.437,0.0,46.462,3.864,-259.375,850.467,-0.041,35.931,1026.638,1517.14,
152.0763897361917,29/07/2019 09:18:34,0.578,68.554,118.102,17.371,0.0,46.398,3.851,-259.375,850.767,-0.041,35.933,1026.66,1516.965,
153.3333720819795,29/07/2019 09:18:34,0.593,68.589,119.12,17.319,0.0,46.28,3.824,-259.375,850.5,-0.041,35.877,1026.634,1516.763,
154.59862885904036,29/07/2019 09:18:38,0.594,68.893,119.048,17.264,0.0,46.304,3.664,-259.375,853.367,-0.041,35.946,1026.7,1516.678,
155.866293205166,29/07/2019 09:18:40,0.565,68.723,120.114,17.222,0.0,46.224,3.614,-259.375,853.933,-0.041,35.914,1026.69,1516.534,
157.1338783697248,29/07/2019 09:18:40,0.54,68.67,121.092,17.165,0.0,46.148,3.591,-259.375,853.967,-0.041,35.898,1026.696,1516.362,
158.40164458502912,29/07/2019 09:18:41,0.546,68.702,122.065,17.073,0.0,45.97,3.561,-259.375,854.767,-0.041,35.824,1026.666,1516.019,
159.667096521349,29/07/2019 09:18:45,0.533,68.635,122.001,16.978,0.0,45.91,3.385,-259.375,860.267,-0.041,35.856,1026.713,1515.77,
160.9243463959893,29/07/2019 09:18:46,0.528,68.529,123.022,16.923,0.0,45.836,3.359,-259.375,860.567,-0.041,35.84,1026.718,1515.604,
162.16845122463343,29/07/2019 09:18:47,0.536,68.603,124.161,16.903,0.0,45.904,3.346,-259.375,861.167,-0.041,35.917,1026.787,1515.651,
163.395228585539,29/07/2019 09:18:47,0.523,68.614,125.006,16.848,0.0,45.616,3.328,-259.375,861.633,-0.041,35.712,1026.648,1515.266,
164.59674503050155,29/07/2019 09:18:52,0.55,68.819,125.071,16.776,0.0,45.702,3.056,-259.375,863.733,-0.041,35.852,1026.772,1515.211,
165.76236440072785,29/07/2019 09:18:53,0.518,68.466,126.131,16.598,0.0,45.426,3.011,-259.375,864.167,-0.041,35.768,1026.755,1514.594,
166.88564172097318,29/07/2019 09:18:54,0.517,68.377,127.014,16.557,0.0,45.44,2.988,-259.375,864.267,-0.041,35.816,1026.806,1514.541,
167.96770083431153,29/07/2019 09:18:55,0.531,68.448,128.088,16.569,0.0,45.47,2.959,-259.375,864.7,-0.041,35.832,1026.819,1514.613,
169.01486940004452,29/07/2019 09:19:00,0.5,68.377,129.069,16.266,0.0,45.094,2.738,-259.375,871.4,-0.041,35.77,1026.848,1513.637,
170.03539302917963,29/07/2019 09:19:01,0.518,68.12,130.163,16.245,0.0,45.092,2.678,-259.375,872.567,-0.041,35.787,1026.87,1513.611,
171.0374576890654,29/07/2019 09:19:02,0.471,68.084,131.14,16.212,0.0,45.004,2.634,-259.375,873.167,-0.041,35.738,1026.845,1513.469,
172.02824058274587,29/07/2019 09:19:06,0.493,68.339,132.006,16.088,0.0,44.858,2.371,-259.375,876.767,-0.041,35.719,1026.863,1513.082,
173.0136921812343,29/07/2019 09:19:07,0.468,68.197,133.053,15.985,0.0,44.79,2.292,-259.375,877.333,-0.041,35.75,1026.916,1512.82,
173.99877688572406,29/07/2019 09:19:13,0.484,68.13,134.007,15.939,0.0,44.694,2.092,-259.375,881.833,-0.041,35.706,1026.896,1512.642,
174.98793825326703,29/07/2019 09:19:17,0.486,68.017,135.024,15.874,0.0,44.662,1.959,-259.375,882.3,-0.041,35.735,1026.938,1512.493,
175.9855884093154,29/07/2019 09:19:21,0.482,67.678,136.013,15.799,0.0,44.582,1.832,-259.375,884.033,-0.041,35.731,1026.956,1512.273,
176.99644088596452,29/07/2019 09:19:22,0.472,67.502,137.021,15.785,0.0,44.57,1.749,-259.375,885.0,-0.041,35.732,1026.965,1512.248,
178.0255103550639,29/07/2019 09:19:28,0.468,67.88,138.077,15.778,0.0,44.554,1.498,-259.375,890.533,-0.041,35.724,1026.965,1512.234,
179.07759752591468,29/07/2019 09:19:29,0.473,67.816,139.025,15.773,0.0,44.544,1.409,-259.375,892.767,-0.041,35.719,1026.967,1512.229,
180.1560757915208,29/07/2019 09:19:34,0.524,68.049,140.026,15.755,0.0,44.524,1.228,-259.375,895.667,-0.041,35.717,1026.974,1512.188,
181.26081791784978,29/07/2019 09:19:35,0.463,67.728,141.07,15.717,0.0,44.45,1.161,-259.375,896.067,-0.041,35.684,1026.962,1512.049,
182.38517268060707,29/07/2019 09:19:37,0.454,67.749,142.081,15.698,0.0,44.412,1.101,-259.375,896.5,-0.041,35.667,1026.957,1511.987,
183.5144643961281,29/07/2019 09:19:41,0.49,68.088,142.03,15.699,0.0,44.434,0.887,-259.375,896.733,-0.041,35.686,1026.971,1512.011,
184.63112023060043,29/07/2019 09:19:43,0.484,67.947,143.084,15.678,0.0,44.398,0.822,-259.375,897.567,-0.041,35.672,1026.97,1511.948,
185.72448252384592,29/07/2019 09:19:44,0.462,67.933,144.039,15.659,0.0,44.368,0.795,-259.375,898.033,-0.041,35.661,1026.971,1511.893,
186.79615547954828,29/07/2019 09:19:45,0.458,68.035,145.095,15.654,0.0,44.374,0.77,-259.375,897.867,-0.041,35.671,1026.984,1511.906,
187.85878430959147,29/07/2019 09:19:51,0.444,68.091,146.055,15.635,0.0,44.352,0.538,-259.375,896.633,-0.041,35.668,1026.99,1511.859,
188.93304802919388,29/07/2019 09:19:53,0.438,67.862,147.002,15.618,0.0,44.328,0.485,-259.375,897.767,-0.041,35.661,1026.993,1511.814,
190.04484608220517,29/07/2019 09:19:56,0.446,68.024,148.01,15.611,0.0,44.322,0.401,-259.375,898.7,-0.041,35.662,1027.0,1511.81,
191.22193573071908,29/07/2019 09:19:59,0.446,67.731,149.076,15.595,0.0,44.302,0.346,-259.375,899.167,-0.041,35.658,1027.005,1511.773,
192.48908645196582,29/07/2019 09:20:00,0.504,67.692,150.033,15.575,0.0,44.27,0.313,-259.375,900.033,-0.041,35.647,1027.005,1511.714,
193.86318430083216,29/07/2019 09:20:04,0.454,67.996,150.015,15.587,0.0,44.302,0.149,-259.375,901.467,-0.041,35.665,1027.016,1511.772,
195.35224511466475,29/07/2019 09:20:06,0.439,67.894,151.11,15.556,0.0,44.24,0.066,-259.375,900.667,-0.041,35.636,1027.006,1511.661,
196.95770452338226,29/07/2019 09:20:10,0.443,67.933,151.001,15.558,0.0,44.268,-0.066,-259.375,899.533,-0.041,35.66,1027.023,1511.693,
198.6748120457109,29/07/2019 09:20:12,0.448,67.834,152.027,15.539,0.0,44.22,-0.135,-259.375,900.267,-0.041,35.633,1027.012,1511.62,
200.49106632184183,29/07/2019 09:20:17,0.435,67.947,151.001,15.536,0.0,44.224,-0.399,-259.375,898.3,-0.041,35.64,1027.013,1511.601,
202.38772432102516,29/07/2019 09:20:18,0.446,68.0,152.124,15.543,0.0,44.234,-0.44,-259.375,898.7,-0.041,35.642,1027.018,1511.644,
204.34483743322937,29/07/2019 09:20:24,0.45,68.074,151.015,15.523,0.0,44.212,-0.554,-259.375,901.867,-0.041,35.641,1027.017,1511.562,
206.34562050423932,29/07/2019 09:20:26,0.444,68.13,152.002,15.524,0.0,44.21,-0.609,-259.375,903.5,-0.041,35.638,1027.019,1511.578,
208.37842897195907,29/07/2019 09:20:31,0.474,68.024,151.004,15.514,0.0,44.202,-0.791,-259.375,909.0,-0.041,35.64,1027.018,1511.533,
210.43695315871062,29/07/2019 09:20:33,0.696,67.975,152.011,15.499,0.0,44.182,-0.928,-259.375,910.4,-0.041,35.635,1027.022,1511.497,
212.51666518647653,29/07/2019 09:20:46,0.445,67.862,152.03,15.482,0.0,44.17,-1.466,-259.375,924.667,-0.041,35.64,1027.03,1511.45,
214.6078302882162,29/07/2019 09:20:51,0.436,67.911,151.028,15.482,0.0,44.142,-1.695,-259.375,927.433,-0.041,35.615,1027.006,1511.404,
216.69262109009364,29/07/2019 09:20:53,0.433,67.925,152.064,15.449,0.0,44.112,-1.76,-259.375,929.067,-0.041,35.617,1027.02,1511.321,
218.74435607390376,29/07/2019 09:20:58,0.436,68.07,152.076,15.46,0.0,44.124,-1.985,-259.375,938.233,-0.041,35.618,1027.018,1511.357,
220.7223349854988,29/07/2019 09:21:04,0.439,68.063,151.001,15.479,0.0,44.152,-2.179,-259.375,937.267,-0.041,35.627,1027.016,1511.408,
222.57062875703613,29/07/2019 09:21:06,0.426,68.056,152.005,15.457,0.0,44.1,-2.253,-259.375,937.667,-0.041,35.599,1027.004,1511.324,
224.2224165141581,29/07/2019 09:21:08,0.514,68.077,152.003,15.464,0.0,44.154,-2.328,-259.375,939.133,-0.041,35.642,1027.035,1511.395,
225.60230344031206,29/07/2019 09:21:09,0.448,68.106,152.053,15.465,0.0,44.156,-2.358,-259.375,938.6,-0.041,35.642,1027.036,1511.4,
226.63638043599298,29/07/2019 09:21:16,0.464,67.883,151.045,15.444,0.0,44.104,-2.594,-259.375,941.833,-0.041,35.615,1027.015,1511.286,
227.28237759816983,29/07/2019 09:21:17,0.435,67.915,152.049,15.435,0.0,44.104,-2.621,-259.375,943.1,-0.041,35.623,1027.027,1511.284,
227.5701310843684,29/07/2019 09:21:18,0.424,67.975,153.025,15.427,0.0,44.096,-2.665,-259.375,943.833,-0.041,35.622,1027.033,1511.274,
